Workbook

Sheet GiaDinh
A1: GIẢ ĐỊNH ĐẦU VÀO (chữ xanh = sửa được; chữ đen = công thức)
A2: Chỉ có 2.000 DAU, 22 ngày, 10 giờ/ngày là đề cho. Mọi số khác là giả định ban đầu của nhóm, cần bàn lại.
A3: DAU (người dùng hoạt động/ngày) | B3: 2000 | C3: Đề cho
A4: Request mỗi người mỗi ngày | B4: 25 | C4: Giả định (file đề dùng 25 làm mặc định)
A5: Ngày làm việc/tháng | B5: 22 | C5: Đề cho
A6: Giờ hành chính/ngày | B6: 10 | C6: Đề cho (8:00-18:00)
A7: Tỉ lệ request dồn vào giờ cao điểm nhất | B7: 0.15 | C7: Giả định: 15% request cả ngày rơi vào 1 giờ
A8: Hệ số bùng nổ (burst) so với trung bình giờ cao điểm | B8: 2 | C8: Giả định
A9: Tỉ lệ người dùng đang có phiên mở cùng lúc | B9: 0.3 | C9: Giả định
A10: Tỉ lệ input token đọc từ prompt cache | B10: 0.5 | C10: Giả định, đòn bẩy tiết kiệm lớn; hội đồng sẽ hỏi căn cứ
A11: Giá cache read so với giá input thường (nhân) | B11: 0.1 | C11: Theo tài liệu giá Anthropic; CẦN KIỂM trên trang giá Bedrock
A13: BẢNG GIÁ MODEL (USD / 1 triệu token) - GIÁ THAM KHẢO, PHẢI THAY BẰNG GIÁ BEDROCK ap-southeast-1 + ẢNH CHỤP
A14: Lớp model | B14: Model gợi ý (chưa chốt) | C14: Input | D14: Output
A15: small | B15: Haiku 4.5 hoặc tương đương | C15: 1 | D15: 5
A16: medium | B16: Sonnet 4.6 hoặc tương đương | C16: 3 | D16: 15
A17: large | B17: Opus (chưa kiểm giá) | C17: 5 | D17: 25
A19: 5 CẤP TÁC VỤ
A20: Cấp tác vụ | B20: Tỉ lệ request | C20: Token vào/request | D20: Token ra/request | E20: Lớp model | F20: Tỉ lệ có chạy sandbox | G20: Giây sandbox/lượt | H20: Lệnh gọi connector/request | I20: Ảnh sinh ra/request | J20: Ghi chú
A21: Cấp 1 Email, hỏi đáp | B21: 0.45 | C21: 3000 | D21: 400 | E21: small | F21: 0 | G21: 0 | H21: 1 | I21: 0 | J21: Gồm context RAG
A22: Cấp 2 Tài liệu, slide | B22: 0.2 | C22: 6000 | D22: 2000 | E22: medium | F22: 0.5 | G22: 20 | H22: 1 | I22: 0 | J22: Xuất DOCX/XLSX/PPTX chạy trong sandbox
A23: Cấp 3 Dữ liệu, code | B23: 0.15 | C23: 10000 | D23: 1500 | E23: medium | F23: 0.9 | G23: 30 | H23: 1 | I23: 0 | J23: Phân tích bảng, chạy script
A24: Cấp 4 Agent dự án | B24: 0.15 | C24: 40000 | D24: 4000 | E24: medium | F24: 0.3 | G24: 60 | H24: 5 | I24: 0 | J24: Nhiều bước; token vào là tổng các bước
A25: Cấp 5 Thiết kế | B25: 0.05 | C25: 6000 | D25: 1500 | E25: large | F25: 0.3 | G25: 30 | H25: 1 | I25: 2 | J25: Có sinh ảnh
A26: Tổng tỉ lệ (phải bằng 1) | B26: =SUM(B21:B25) -> 1
A28: LƯU TRỮ, LOG, MẠNG
A29: Workspace trung bình mỗi người (GB) | B29: 2 | C29: Giả định; quota là 10 GB
A30: Quota mỗi người (GB) | B30: 10 | C30: Đề cho
A31: Số tài liệu trong knowledge base | B31: 500000 | C31: Giả định
A32: Chunk mỗi tài liệu | B32: 8 | C32: Giả định
A33: Số chiều vector | B33: 1024 | C33: Giả định
A34: Byte mỗi chiều (float32) | B34: 4
A35: Log mỗi request (KB) | B35: 20 | C35: Giả định: prompt/response đã che PII + metadata
A36: Số tháng giữ audit log | B36: 12 | C36: Đề cho (H5)
A37: KB mỗi lệnh gọi connector (egress/ingress) | B37: 50 | C37: Giả định
A38: KB mỗi ảnh sinh ra | B38: 500 | C38: Giả định
A39: KB lịch sử chat mỗi request | B39: 10 | C39: Giả định

Sheet TinhToan
A1: TÍNH TOÁN TỪ GIẢ ĐỊNH (không sửa tay; sửa ở sheet GiaDinh)
A2: Chi phí LLM chỉ là con số kiểm tra nhanh theo giá tham khảo ở GiaDinh. Số nộp phải lấy từ báo giá có ảnh chụp.
A3: Cấp tác vụ | B3: Request/tháng | C3: Token vào (triệu) | D3: Token ra (triệu) | E3: Tiền input (USD) | F3: Tiền output (USD) | G3: Lượt sandbox | H3: Giờ sandbox | I3: Lệnh gọi connector | J3: Ảnh sinh ra | K3: Tiền LLM (USD)
A4: =GiaDinh!A21 -> Cấp 1 Email, hỏi đáp | B4: =GiaDinh!$B$3*GiaDinh!$B$4*GiaDinh!$B$5*GiaDinh!B21 -> 495000 | C4: =B4*GiaDinh!C21/1000000 -> 1485 | D4: =B4*GiaDinh!D21/1000000 -> 198 | E4: =C4*(GiaDinh!$B$10*GiaDinh!$B$11+(1-GiaDinh!$B$10))*VLOOKUP(GiaDinh!E21,GiaDinh!$A$15:$D$17,3,FALSE()) -> 816.75 | F4: =D4*VLOOKUP(GiaDinh!E21,GiaDinh!$A$15:$D$17,4,FALSE()) -> 990 | G4: =B4*GiaDinh!F21 -> 0 | H4: =G4*GiaDinh!G21/3600 -> 0 | I4: =B4*GiaDinh!H21 -> 495000 | J4: =B4*GiaDinh!I21 -> 0 | K4: =E4+F4 -> 1806.75
A5: =GiaDinh!A22 -> Cấp 2 Tài liệu, slide | B5: =GiaDinh!$B$3*GiaDinh!$B$4*GiaDinh!$B$5*GiaDinh!B22 -> 220000 | C5: =B5*GiaDinh!C22/1000000 -> 1320 | D5: =B5*GiaDinh!D22/1000000 -> 440 | E5: =C5*(GiaDinh!$B$10*GiaDinh!$B$11+(1-GiaDinh!$B$10))*VLOOKUP(GiaDinh!E22,GiaDinh!$A$15:$D$17,3,FALSE()) -> 2178 | F5: =D5*VLOOKUP(GiaDinh!E22,GiaDinh!$A$15:$D$17,4,FALSE()) -> 6600 | G5: =B5*GiaDinh!F22 -> 110000 | H5: =G5*GiaDinh!G22/3600 -> 611.11111 | I5: =B5*GiaDinh!H22 -> 220000 | J5: =B5*GiaDinh!I22 -> 0 | K5: =E5+F5 -> 8778
A6: =GiaDinh!A23 -> Cấp 3 Dữ liệu, code | B6: =GiaDinh!$B$3*GiaDinh!$B$4*GiaDinh!$B$5*GiaDinh!B23 -> 165000 | C6: =B6*GiaDinh!C23/1000000 -> 1650 | D6: =B6*GiaDinh!D23/1000000 -> 247.5 | E6: =C6*(GiaDinh!$B$10*GiaDinh!$B$11+(1-GiaDinh!$B$10))*VLOOKUP(GiaDinh!E23,GiaDinh!$A$15:$D$17,3,FALSE()) -> 2722.5 | F6: =D6*VLOOKUP(GiaDinh!E23,GiaDinh!$A$15:$D$17,4,FALSE()) -> 3712.5 | G6: =B6*GiaDinh!F23 -> 148500 | H6: =G6*GiaDinh!G23/3600 -> 1237.5 | I6: =B6*GiaDinh!H23 -> 165000 | J6: =B6*GiaDinh!I23 -> 0 | K6: =E6+F6 -> 6435
A7: =GiaDinh!A24 -> Cấp 4 Agent dự án | B7: =GiaDinh!$B$3*GiaDinh!$B$4*GiaDinh!$B$5*GiaDinh!B24 -> 165000 | C7: =B7*GiaDinh!C24/1000000 -> 6600 | D7: =B7*GiaDinh!D24/1000000 -> 660 | E7: =C7*(GiaDinh!$B$10*GiaDinh!$B$11+(1-GiaDinh!$B$10))*VLOOKUP(GiaDinh!E24,GiaDinh!$A$15:$D$17,3,FALSE()) -> 10890 | F7: =D7*VLOOKUP(GiaDinh!E24,GiaDinh!$A$15:$D$17,4,FALSE()) -> 9900 | G7: =B7*GiaDinh!F24 -> 49500 | H7: =G7*GiaDinh!G24/3600 -> 825 | I7: =B7*GiaDinh!H24 -> 825000 | J7: =B7*GiaDinh!I24 -> 0 | K7: =E7+F7 -> 20790
A8: =GiaDinh!A25 -> Cấp 5 Thiết kế | B8: =GiaDinh!$B$3*GiaDinh!$B$4*GiaDinh!$B$5*GiaDinh!B25 -> 55000 | C8: =B8*GiaDinh!C25/1000000 -> 330 | D8: =B8*GiaDinh!D25/1000000 -> 82.5 | E8: =C8*(GiaDinh!$B$10*GiaDinh!$B$11+(1-GiaDinh!$B$10))*VLOOKUP(GiaDinh!E25,GiaDinh!$A$15:$D$17,3,FALSE()) -> 907.5 | F8: =D8*VLOOKUP(GiaDinh!E25,GiaDinh!$A$15:$D$17,4,FALSE()) -> 2062.5 | G8: =B8*GiaDinh!F25 -> 16500 | H8: =G8*GiaDinh!G25/3600 -> 137.5 | I8: =B8*GiaDinh!H25 -> 55000 | J8: =B8*GiaDinh!I25 -> 110000 | K8: =E8+F8 -> 2970
A9: TỔNG | B9: =SUM(B4:B8) -> 1100000 | C9: =SUM(C4:C8) -> 11385 | D9: =SUM(D4:D8) -> 1628 | E9: =SUM(E4:E8) -> 17514.75 | F9: =SUM(F4:F8) -> 23265 | G9: =SUM(G4:G8) -> 324500 | H9: =SUM(H4:H8) -> 2811.1111 | I9: =SUM(I4:I8) -> 1760000 | ... K9: =SUM(K4:K8) -> 40779.75
A10: Tiền LLM mỗi DAU mỗi tháng (USD) | B10: =K9/GiaDinh!B3 -> 20.389875
A12: GIỜ CAO ĐIỂM
A13: Request/ngày | B13: =GiaDinh!B3*GiaDinh!B4 -> 50000
A14: Request/tháng | B14: =B13*GiaDinh!B5 -> 1100000
A15: Request trong giờ cao điểm | B15: =B13*GiaDinh!B7 -> 7500
A16: Request/giây trung bình giờ cao điểm | B16: =B15/3600 -> 2.0833333
A17: Request/giây khi burst | B17: =B16*GiaDinh!B8 -> 4.1666667
A18: Phiên đồng thời | B18: =GiaDinh!B3*GiaDinh!B9 -> 600
A19: Token vào/giây khi burst | B19: =C9*1000000/GiaDinh!B5*GiaDinh!B7/3600*GiaDinh!B8 -> 43125
A20: Token ra/giây khi burst | B20: =D9*1000000/GiaDinh!B5*GiaDinh!B7/3600*GiaDinh!B8 -> 6166.6667
A21: Sandbox chạy đồng thời khi burst | B21: =H9/GiaDinh!B5*GiaDinh!B7*GiaDinh!B8 -> 38.333333
A23: LƯU TRỮ, LOG, MẠNG
A24: Workspace thực tế (TB) | B24: =GiaDinh!B3*GiaDinh!B29/1024 -> 3.90625
A25: Workspace nếu mọi người đầy quota (TB) | B25: =GiaDinh!B3*GiaDinh!B30/1024 -> 19.53125
A26: Số vector trong knowledge base | B26: =GiaDinh!B31*GiaDinh!B32 -> 4000000
A27: Dung lượng vector (GB, chưa tính index) | B27: =B26*GiaDinh!B33*GiaDinh!B34/1000000000 -> 16.384
A28: Log mới mỗi tháng (GB) | B28: =B14*GiaDinh!B35/1000000 -> 22
A29: Audit log giữ đủ kỳ hạn (GB) | B29: =B28*GiaDinh!B36 -> 264
A30: Ảnh sinh ra mỗi tháng (GB) | B30: =J9*GiaDinh!B38/1000000 -> 55
A31: Lưu lượng connector mỗi tháng (GB) | B31: =I9*GiaDinh!B37/1000000 -> 88
A32: Lịch sử chat mới mỗi năm (GB) | B32: =B14*GiaDinh!B39/1000000*12 -> 132
